DISTRICT,VPI,TWO-PARTY
CD 1,0.798454,1486835
CD 2,0.895779,1854061
CD 3,0.428595,1603199
CD 4,0.386978,1620091
CD 5,0.417826,1488772
CD 6,0.460934,1764311
CD 7,0.470574,1888608
CD 8,0.477374,1878214
CD 9,0.385221,1467219
CD 10,0.367172,1460889
CD 11,0.431743,1511934
CD 12,0.440089,1794349
CD 13,0.650539,1619948
CD 14,0.668689,1754994
CD 15,0.457943,1553739
CD 16,0.417698,1499882
CD 17,0.544679,1454583
CD 18,0.430199,1789486