DISTRICT,VPI,TWO-PARTY
CD 1,0.478167,232707
CD 2,0.491123,241569
CD 3,0.759801,205798
CD 4,0.507951,240042
CD 5,0.490088,249829
CD 6,0.583441,238277
CD 7,0.554641,238407
CD 8,0.455255,236345
CD 9,0.701565,217406
CD 10,0.528887,245097
CD 11,0.842400,240922
CD 12,0.542991,251961
CD 13,0.709554,252807
CD 14,0.558176,263658
CD 15,0.564988,234181
CD 16,0.525946,252900