DISTRICT,VPI,TWO-PARTY
CD 1,0.583518,1391546
CD 2,0.527460,1518663
CD 3,0.510298,1460500
CD 4,0.523558,1654370
CD 5,0.605363,1606240
CD 6,0.494801,1735346
CD 7,0.797051,1119861
CD 8,0.534016,1625434
CD 9,0.513505,1728890