DISTRICT,VPI,TWO-PARTY
CD 1,0.478218,236219
CD 2,0.521250,246501
CD 3,0.734406,205636
CD 4,0.565787,241667
CD 5,0.538185,252713
CD 6,0.689139,241769
CD 7,0.611093,241581
CD 8,0.499521,236282
CD 9,0.741596,225151
CD 10,0.564465,247832
CD 11,0.869895,259583
CD 12,0.562524,255856
CD 13,0.765496,259267
CD 14,0.632616,264928
CD 15,0.603642,239267
CD 16,0.590525,255583