DISTRICT,VPI,TWO-PARTY
CD 1,0.449052,1773627
CD 2,0.430340,1715575
CD 3,0.668999,1459260
CD 4,0.398524,1611673
CD 5,0.418379,1756458
CD 6,0.458446,1604810
CD 7,0.437433,1617499
CD 8,0.353433,1692556
CD 9,0.649867,1516023
CD 10,0.464253,1761454
CD 11,0.806231,1589876
CD 12,0.423058,1860619
CD 13,0.638917,1618983
CD 14,0.461300,1801359
CD 15,0.448039,1683015
CD 16,0.440400,1814002