DISTRICT,VPI
CD 1,0.678999
CD 2,0.575848
CD 3,0.480675
CD 4,0.389881
CD 5,0.361222
CD 6,0.491961
CD 7,0.540539