DISTRICT,VPI
CD 1,0.382132
CD 2,0.537470
CD 3,0.582745
CD 4,0.597459
CD 5,0.611039
CD 6,0.622870
CD 7,0.715858
CD 8,0.729883