DISTRICT, VPI
 1, 0.384407
 2, 0.643145
 3, 0.620664
 4, 0.789455
 5, 0.671242
 6, 0.562937
 7, 0.773399
 8, 0.632344