DISTRICT,VPI
1,0.750474
2,0.418667
3,0.345397
4,0.746109
5,0.407176
6,0.402015
7,0.442842
8,0.405911
9,0.234268
10,0.409969
11,0.398385
12,0.774906
13,0.429477