DISTRICT,VPI,TWO-PARTY
CD 1,0.464554,241689
CD 2,0.475619,250849
CD 3,0.665018,204927
CD 4,0.512814,250470
CD 5,0.502744,260745
CD 6,0.569918,248226
CD 7,0.542689,249156
CD 8,0.444383,244798
CD 9,0.701261,231514
CD 10,0.502556,254890
CD 11,0.836097,256845
CD 12,0.488690,264162
CD 13,0.717557,264514
CD 14,0.556076,278453
CD 15,0.503680,247761
CD 16,0.522643,269579