DISTRICT,VPI,TWO-PARTY
CD 1,0.382786,233918
CD 2,0.371402,227502
CD 3,0.617322,190959
CD 4,0.340811,215572
CD 5,0.356247,235566
CD 6,0.415991,217604
CD 7,0.375832,217665
CD 8,0.298274,226246
CD 9,0.569198,199310
CD 10,0.406658,235450
CD 11,0.744287,199285
CD 12,0.366824,248362
CD 13,0.567417,215822
CD 14,0.374304,241952
CD 15,0.390187,224844
CD 16,0.355553,246076