DISTRICT,VPI,TWO-PARTY
CD 1,0.800020,194627
CD 2,0.896494,232945
CD 3,0.531920,227937
CD 4,0.477554,213998
CD 5,0.524191,212426
CD 6,0.541576,236536
CD 7,0.532582,256430
CD 8,0.575618,259766
CD 9,0.516232,213160
CD 10,0.453835,208402
CD 11,0.512404,214948
CD 12,0.561825,265156
CD 13,0.683145,216520
CD 14,0.741515,261911
CD 15,0.534003,199552
CD 16,0.487271,200709
CD 17,0.626361,207137
CD 18,0.545747,255603