DISTRICT,VPI
CD 1,0.354257
CD 2,0.361786
CD 3,0.375341
CD 4,0.382761
CD 5,0.426165
CD 6,0.441802
CD 7,0.676440