DISTRICT,VPI,TWO-PARTY
CD 1,0.425450,349076
CD 2,0.407553,354639
CD 3,0.628358,284387
CD 4,0.396065,333202
CD 5,0.400111,372328
CD 6,0.459417,341016
CD 7,0.446557,334748
CD 8,0.362434,342489
CD 9,0.643156,334623
CD 10,0.479158,369760
CD 11,0.809439,366209
CD 12,0.405557,353523
CD 13,0.628333,358609
CD 14,0.476298,386047
CD 15,0.426555,337227
CD 16,0.451547,383051